,symbol,open,high,low,close,volume
2019-09-30 07:00:00,BTC/USDT,7986.86,8014.21,7984.26,7998.49,269.91595799999993
2019-09-30 08:00:00,BTC/USDT,7997.94,8152.8,7997.91,8114.76,4459.172673
2019-09-30 09:00:00,BTC/USDT,8114.99,8257.0,8090.42,8201.57,3209.899291
2019-09-30 10:00:00,BTC/USDT,8201.54,8300.0,8200.26,8283.85,5111.200055000001
2019-09-30 11:00:00,BTC/USDT,8284.01,8337.26,8232.05,8260.01,2893.741581999999
2019-09-30 12:00:00,BTC/USDT,8260.01,8268.58,8188.0,8230.78,1630.0610000000006
2019-09-30 13:00:00,BTC/USDT,8230.8,8295.82,8230.78,8258.96,1638.934786
2019-09-30 14:00:00,BTC/USDT,8259.74,8274.0,8232.35,8269.53,722.4914249999999
2019-09-30 15:00:00,BTC/USDT,8269.34,8275.0,8163.36,8214.67,2141.97134
2019-09-30 16:00:00,BTC/USDT,8213.46,8270.0,8171.0,8233.45,1037.885174
2019-09-30 17:00:00,BTC/USDT,8233.49,8273.55,8201.0,8218.58,833.4520739999998
2019-09-30 18:00:00,BTC/USDT,8219.33,8295.0,8217.93,8289.34,954.147243
2019-09-30 19:00:00,BTC/USDT,8289.97,8310.08,8188.0,8199.66,1870.174803
2019-09-30 20:00:00,BTC/USDT,8199.21,8295.0,8173.05,8269.83,1385.0214200000005
2019-09-30 21:00:00,BTC/USDT,8269.83,8438.05,8265.14,8412.87,3944.9167199999993
2019-09-30 22:00:00,BTC/USDT,8412.16,8500.0,8396.08,8396.93,3302.2486609999996
2019-09-30 23:00:00,BTC/USDT,8397.21,8470.5,8386.0,8423.57,1573.7512649999999
2019-10-01 00:00:00,BTC/USDT,8423.57,8440.0,8400.0,8419.86,1129.5244280000004
2019-10-01 01:00:00,BTC/USDT,8419.6,8420.0,8340.74,8386.33,1667.0458529999999
2019-10-01 02:00:00,BTC/USDT,8386.35,8418.92,8346.38,8407.12,1096.163825
2019-10-01 03:00:00,BTC/USDT,8405.87,8412.72,8345.0,8376.28,1394.4315139999999
2019-10-01 04:00:00,BTC/USDT,8377.68,8378.41,8290.0,8317.13,2072.006948
2019-10-01 05:00:00,BTC/USDT,8318.08,8359.79,8296.34,8305.97,1297.046383
2019-10-01 06:00:00,BTC/USDT,8305.97,8353.99,8282.06,8353.42,1055.27184
2019-10-01 07:00:00,BTC/USDT,8353.35,8428.02,8295.0,8314.32,2608.4425420000007
2019-10-01 08:00:00,BTC/USDT,8314.92,8380.0,8270.22,8343.56,2140.165282
2019-10-01 09:00:00,BTC/USDT,8343.56,8360.99,8311.85,8335.12,1309.185479
2019-10-01 10:00:00,BTC/USDT,8334.55,8371.0,8305.0,8365.5,1244.935582
2019-10-01 11:00:00,BTC/USDT,8365.87,8465.0,8321.99,8429.27,2240.998105999999
2019-10-01 12:00:00,BTC/USDT,8428.79,8497.0,8235.0,8277.22,4804.085195
2019-10-01 13:00:00,BTC/USDT,8277.48,8333.2,8241.38,8289.0,2106.607896
2019-10-01 14:00:00,BTC/USDT,8289.0,8302.63,8225.38,8302.6,1242.5173929999996
2019-10-01 15:00:00,BTC/USDT,8302.6,8399.0,8275.0,8347.0,1352.462781
2019-10-01 16:00:00,BTC/USDT,8347.0,8393.97,8283.0,8299.92,975.1930500000001
2019-10-01 17:00:00,BTC/USDT,8299.9,8346.04,8270.01,8326.38,781.8178770000001
2019-10-01 18:00:00,BTC/USDT,8326.87,8365.0,8265.08,8292.44,878.4032480000002
2019-10-01 19:00:00,BTC/USDT,8292.67,8329.0,8265.0,8285.16,650.2838970000003
2019-10-01 20:00:00,BTC/USDT,8285.07,8330.0,8274.77,8279.35,671.438574
2019-10-01 21:00:00,BTC/USDT,8279.26,8303.32,8245.0,8247.85,860.3296960000001
2019-10-01 22:00:00,BTC/USDT,8247.87,8260.0,8205.0,8244.94,1331.118102
2019-10-01 23:00:00,BTC/USDT,8244.48,8258.9,8181.02,8209.45,1133.4891059999998
2019-10-02 00:00:00,BTC/USDT,8211.46,8225.0,8151.22,8161.84,1798.2505590000005
2019-10-02 01:00:00,BTC/USDT,8165.34,8219.96,8162.0,8212.54,1235.7413939999997
2019-10-02 02:00:00,BTC/USDT,8212.54,8240.85,8202.03,8204.36,1263.633559
2019-10-02 03:00:00,BTC/USDT,8204.36,8276.97,8202.0,8237.94,1225.088511
2019-10-02 04:00:00,BTC/USDT,8237.59,8267.26,8220.46,8234.67,730.375055
2019-10-02 05:00:00,BTC/USDT,8235.0,8258.78,8211.05,8255.93,721.6001200000001
2019-10-02 06:00:00,BTC/USDT,8255.47,8289.0,8225.53,8269.04,912.9183029999999
2019-10-02 07:00:00,BTC/USDT,8268.67,8300.0,8208.0,8229.1,1510.638503
2019-10-02 08:00:00,BTC/USDT,8230.4,8261.04,8200.0,8216.8,1317.1841290000007
2019-10-02 09:00:00,BTC/USDT,8216.79,8250.0,8187.29,8236.44,1326.7758609999998
2019-10-02 10:00:00,BTC/USDT,8237.0,8250.0,8211.31,8239.98,948.6224010000001
2019-10-02 11:00:00,BTC/USDT,8239.98,8271.0,8208.02,8218.88,1326.4436390000003
2019-10-02 12:00:00,BTC/USDT,8218.88,8239.75,8182.15,8230.16,1330.320649
2019-10-02 13:00:00,BTC/USDT,8230.6,8264.0,8219.49,8233.13,886.8361999999998
2019-10-02 14:00:00,BTC/USDT,8233.23,8263.36,8221.46,8257.26,647.517707
2019-10-02 15:00:00,BTC/USDT,8257.05,8269.2,8213.08,8224.1,730.1476970000001
2019-10-02 16:00:00,BTC/USDT,8224.82,8258.0,8223.97,8256.48,419.4865080000001
2019-10-02 17:00:00,BTC/USDT,8256.41,8279.56,8231.42,8266.64,599.1285809999999
2019-10-02 18:00:00,BTC/USDT,8266.64,8373.91,8266.01,8359.94,2666.017893000001
2019-10-02 19:00:00,BTC/USDT,8360.0,8393.0,8314.01,8318.42,1727.651486
2019-10-02 20:00:00,BTC/USDT,8319.11,8344.8,8307.77,8319.68,638.6137280000002
2019-10-02 21:00:00,BTC/USDT,8319.68,8345.0,8317.79,8342.75,651.0766530000002
2019-10-02 22:00:00,BTC/USDT,8342.91,8344.8,8324.59,8327.52,402.74019400000014
2019-10-02 23:00:00,BTC/USDT,8327.65,8367.57,8327.65,8332.43,717.7723219999999
2019-10-03 00:00:00,BTC/USDT,8332.27,8345.36,8258.33,8281.36,1033.2649589999999
2019-10-03 01:00:00,BTC/USDT,8281.26,8300.39,8258.41,8260.82,915.937486
2019-10-03 02:00:00,BTC/USDT,8258.53,8276.08,8241.0,8261.43,1296.006483
2019-10-03 03:00:00,BTC/USDT,8261.43,8293.29,8237.28,8291.14,1138.319143
2019-10-03 04:00:00,BTC/USDT,8291.22,8299.24,8250.0,8267.96,806.6603449999999
2019-10-03 05:00:00,BTC/USDT,8267.45,8269.51,8185.38,8215.23,1826.219249
2019-10-03 06:00:00,BTC/USDT,8214.74,8235.21,8200.0,8217.02,1211.9863020000005
2019-10-03 07:00:00,BTC/USDT,8218.66,8247.4,8205.05,8227.25,771.3105289999999
2019-10-03 08:00:00,BTC/USDT,8227.27,8242.0,8207.1,8219.48,854.7806420000001
2019-10-03 09:00:00,BTC/USDT,8220.66,8220.67,8060.0,8100.15,4568.449170000001
2019-10-03 10:00:00,BTC/USDT,8100.99,8139.79,8075.58,8108.14,1995.2636490000002
2019-10-03 11:00:00,BTC/USDT,8108.98,8210.0,8097.27,8177.91,2465.724074999999
2019-10-03 12:00:00,BTC/USDT,8176.67,8178.99,8113.54,8149.03,1464.067027
2019-10-03 13:00:00,BTC/USDT,8149.03,8149.05,8125.86,8129.72,625.42658
2019-10-03 14:00:00,BTC/USDT,8130.95,8157.93,8088.0,8146.04,1025.279645
2019-10-03 15:00:00,BTC/USDT,8145.01,8169.83,8119.63,8140.25,749.2321639999997
2019-10-03 16:00:00,BTC/USDT,8140.16,8197.62,8115.0,8165.1,681.5494050000002
2019-10-03 17:00:00,BTC/USDT,8164.68,8200.0,8138.0,8198.54,785.6213040000004
2019-10-03 18:00:00,BTC/USDT,8197.7,8280.0,8195.24,8223.96,2135.3315179999995
2019-10-03 19:00:00,BTC/USDT,8224.43,8232.41,8080.03,8109.06,2639.6620530000005
2019-10-03 20:00:00,BTC/USDT,8108.99,8130.0,8050.0,8116.85,1829.9998579999988
2019-10-03 21:00:00,BTC/USDT,8117.0,8137.2,8092.3,8092.38,852.7251040000001
2019-10-03 22:00:00,BTC/USDT,8092.39,8119.96,8072.84,8104.53,693.8784329999999
2019-10-03 23:00:00,BTC/USDT,8104.81,8107.62,8057.25,8063.87,978.290054
2019-10-04 00:00:00,BTC/USDT,8065.18,8120.97,8005.0,8093.4,2229.3825140000004
2019-10-04 01:00:00,BTC/USDT,8093.44,8130.25,8089.15,8110.73,796.6471649999999
2019-10-04 02:00:00,BTC/USDT,8110.73,8148.0,8094.74,8138.69,1036.2331570000001
2019-10-04 03:00:00,BTC/USDT,8136.98,8138.48,8084.18,8093.96,1042.4571190000001
2019-10-04 04:00:00,BTC/USDT,8093.88,8125.99,8093.05,8125.0,1028.0793849999998
2019-10-04 05:00:00,BTC/USDT,8125.0,8176.64,8120.0,8128.38,1338.5363259999992
2019-10-04 06:00:00,BTC/USDT,8129.1,8178.96,8120.04,8151.4,982.4002859999998
2019-10-04 07:00:00,BTC/USDT,8150.59,8171.92,8122.0,8125.97,856.9061030000001
2019-10-04 08:00:00,BTC/USDT,8125.97,8181.37,8124.27,8168.67,1022.1035939999998
2019-10-04 09:00:00,BTC/USDT,8168.58,8186.36,8139.83,8162.44,1104.8280749999997
2019-10-04 10:00:00,BTC/USDT,8162.81,8172.0,8123.0,8148.0,911.3852110000001
2019-10-04 11:00:00,BTC/USDT,8147.13,8207.77,8125.0,8182.27,1781.0674640000007
2019-10-04 12:00:00,BTC/USDT,8180.83,8182.27,8129.97,8164.58,1191.2046169999996
2019-10-04 13:00:00,BTC/USDT,8163.29,8200.0,8152.06,8183.78,725.4424399999999
2019-10-04 14:00:00,BTC/USDT,8184.84,8199.99,8170.0,8183.5,670.4983690000001
2019-10-04 15:00:00,BTC/USDT,8183.9,8217.47,8141.02,8148.36,1009.716945
2019-10-04 16:00:00,BTC/USDT,8147.78,8176.48,8130.02,8171.57,665.4664570000002
2019-10-04 17:00:00,BTC/USDT,8170.26,8203.11,8141.0,8169.02,643.7254569999999
2019-10-04 18:00:00,BTC/USDT,8168.47,8169.02,8132.0,8137.13,445.6942180000001
2019-10-04 19:00:00,BTC/USDT,8137.09,8149.99,8100.0,8129.31,1523.8298739999998
2019-10-04 20:00:00,BTC/USDT,8129.86,8133.0,8103.11,8109.15,627.509355
2019-10-04 21:00:00,BTC/USDT,8108.37,8132.41,8093.99,8129.24,603.2381340000001
2019-10-04 22:00:00,BTC/USDT,8129.93,8146.99,8120.94,8137.83,398.6698410000001
2019-10-04 23:00:00,BTC/USDT,8137.81,8145.0,8109.0,8127.46,478.61759599999993
2019-10-05 00:00:00,BTC/USDT,8127.56,8129.68,8108.0,8117.0,481.06746
2019-10-05 01:00:00,BTC/USDT,8117.0,8140.0,8103.0,8131.67,523.6969529999999
2019-10-05 02:00:00,BTC/USDT,8131.0,8131.77,8091.72,8108.0,729.9472239999998
2019-10-05 03:00:00,BTC/USDT,8108.69,8112.48,8070.15,8087.98,1115.0488159999995
2019-10-05 04:00:00,BTC/USDT,8088.36,8103.92,8076.24,8082.55,673.3435110000001
2019-10-05 05:00:00,BTC/USDT,8082.24,8103.99,8070.0,8084.29,899.540798
2019-10-05 06:00:00,BTC/USDT,8083.85,8101.97,8072.0,8081.75,594.9148810000003
2019-10-05 07:00:00,BTC/USDT,8081.2,8091.47,8050.05,8072.27,1595.8773840000003
2019-10-05 08:00:00,BTC/USDT,8069.9,8082.97,8012.98,8073.38,2277.7958840000006
2019-10-05 09:00:00,BTC/USDT,8073.38,8081.46,8027.14,8032.56,1106.3348499999997
2019-10-05 10:00:00,BTC/USDT,8032.56,8090.0,8022.54,8082.93,1086.9606910000002
2019-10-05 11:00:00,BTC/USDT,8079.05,8100.0,8041.07,8073.35,1162.8824430000004
2019-10-05 12:00:00,BTC/USDT,8074.77,8074.8,8031.0,8038.1,564.7225949999998
2019-10-05 13:00:00,BTC/USDT,8039.02,8083.0,8037.1,8060.0,691.0259520000001
2019-10-05 14:00:00,BTC/USDT,8060.0,8092.99,8055.64,8066.36,526.142808
2019-10-05 15:00:00,BTC/USDT,8066.07,8115.54,8058.33,8083.7,707.6312839999997
2019-10-05 16:00:00,BTC/USDT,8083.34,8183.41,8081.02,8137.94,1744.2551890000002
2019-10-05 17:00:00,BTC/USDT,8137.91,8173.6,8115.61,8121.28,1164.8517559999998
2019-10-05 18:00:00,BTC/USDT,8121.3,8133.44,8102.0,8126.19,629.710285
2019-10-05 19:00:00,BTC/USDT,8127.55,8153.87,8118.83,8130.89,531.984714
2019-10-05 20:00:00,BTC/USDT,8130.45,8140.0,8040.72,8060.78,1163.870075
2019-10-05 21:00:00,BTC/USDT,8060.78,8068.31,8011.68,8052.25,1528.702918999999
2019-10-05 22:00:00,BTC/USDT,8052.24,8061.78,8031.11,8042.99,583.5279720000002
2019-10-05 23:00:00,BTC/USDT,8042.97,8077.6,8034.68,8073.96,553.7656659999999
2019-10-06 00:00:00,BTC/USDT,8073.96,8074.44,8034.42,8051.5,670.545333
2019-10-06 01:00:00,BTC/USDT,8051.5,8062.31,7910.0,7961.35,2869.718696000001
2019-10-06 02:00:00,BTC/USDT,7961.35,7977.76,7932.27,7963.17,1544.9221139999997
2019-10-06 03:00:00,BTC/USDT,7963.11,7965.0,7860.0,7872.78,2286.73905
2019-10-06 04:00:00,BTC/USDT,7873.41,7938.0,7871.66,7937.26,1375.9496700000002
2019-10-06 05:00:00,BTC/USDT,7937.26,7938.69,7895.03,7899.41,1083.69739
2019-10-06 06:00:00,BTC/USDT,7899.4,7963.51,7892.0,7941.91,1060.77924
2019-10-06 07:00:00,BTC/USDT,7942.72,7965.43,7927.11,7938.14,803.08291
2019-10-06 08:00:00,BTC/USDT,7938.12,7939.15,7880.0,7902.36,1200.7857699999997
2019-10-06 09:00:00,BTC/USDT,7902.32,7925.99,7861.01,7910.02,1567.464149
2019-10-06 10:00:00,BTC/USDT,7910.95,8050.0,7902.3,8009.85,3540.7031649999994
2019-10-06 11:00:00,BTC/USDT,8008.52,8026.77,7953.55,7984.26,1388.9077040000002
2019-10-06 12:00:00,BTC/USDT,7983.3,8015.36,7968.0,7974.53,829.6621100000001
2019-10-06 13:00:00,BTC/USDT,7971.75,7991.0,7785.0,7835.41,4306.710717
2019-10-06 14:00:00,BTC/USDT,7835.04,7903.99,7812.07,7892.11,1536.623208
2019-10-06 15:00:00,BTC/USDT,7889.06,7924.78,7864.01,7899.35,1053.0262469999998
2019-10-06 16:00:00,BTC/USDT,7899.2,7925.0,7865.75,7915.39,660.670477
2019-10-06 17:00:00,BTC/USDT,7915.23,7915.23,7840.0,7845.72,764.755577
2019-10-06 18:00:00,BTC/USDT,7845.67,7876.68,7800.52,7854.25,1769.509176
2019-10-06 19:00:00,BTC/USDT,7855.3,7867.43,7762.0,7817.71,2646.725331
2019-10-06 20:00:00,BTC/USDT,7816.3,7832.06,7773.0,7813.45,1213.222865
2019-10-06 21:00:00,BTC/USDT,7814.51,7846.7,7791.45,7819.67,812.248201
2019-10-06 22:00:00,BTC/USDT,7819.71,7907.86,7817.02,7864.91,1843.7546890000003
2019-10-06 23:00:00,BTC/USDT,7864.96,7888.09,7826.02,7837.0,919.701382
2019-10-07 00:00:00,BTC/USDT,7838.02,7846.18,7805.0,7836.7,902.42983
2019-10-07 01:00:00,BTC/USDT,7836.03,7849.36,7801.41,7824.73,1026.6532969999996
2019-10-07 02:00:00,BTC/USDT,7824.49,7880.0,7823.17,7866.88,1127.1903720000003
2019-10-07 03:00:00,BTC/USDT,7867.2,7938.48,7866.52,7887.15,2492.6376440000004
2019-10-07 04:00:00,BTC/USDT,7887.47,7946.07,7870.0,7923.76,1522.3112780000004
2019-10-07 05:00:00,BTC/USDT,7924.18,8060.0,7924.04,7996.0,5272.151597999998
2019-10-07 06:00:00,BTC/USDT,7996.0,8040.53,7978.07,7984.8,2077.4784539999996
2019-10-07 07:00:00,BTC/USDT,7984.78,8150.0,7983.59,8110.0,4708.569465999998
2019-10-07 08:00:00,BTC/USDT,8110.0,8199.0,8110.0,8144.28,4694.979203
2019-10-07 09:00:00,BTC/USDT,8144.28,8168.71,8112.03,8150.76,2164.199059
2019-10-07 10:00:00,BTC/USDT,8150.29,8224.44,8138.78,8176.93,3330.5922149999997
2019-10-07 11:00:00,BTC/USDT,8177.23,8243.0,8133.51,8232.21,2851.656421
2019-10-07 12:00:00,BTC/USDT,8232.21,8281.32,8206.29,8263.93,3655.608319
2019-10-07 13:00:00,BTC/USDT,8263.39,8299.92,8210.0,8232.03,2916.146748
2019-10-07 14:00:00,BTC/USDT,8231.81,8245.98,8210.0,8211.0,1052.3914399999999
2019-10-07 15:00:00,BTC/USDT,8211.0,8241.99,8175.37,8197.82,1640.619633
2019-10-07 16:00:00,BTC/USDT,8197.74,8216.0,8177.72,8191.87,900.2139719999999
2019-10-07 17:00:00,BTC/USDT,8191.65,8244.3,8190.94,8230.45,1076.2540699999997
2019-10-07 18:00:00,BTC/USDT,8232.85,8255.44,8181.0,8190.09,1354.3368100000007
2019-10-07 19:00:00,BTC/USDT,8190.82,8230.0,8186.45,8228.02,1347.2618160000002
2019-10-07 20:00:00,BTC/USDT,8228.01,8286.97,8215.42,8282.93,1565.3078550000002
2019-10-07 21:00:00,BTC/USDT,8283.75,8325.0,8261.07,8264.68,2125.736311
2019-10-07 22:00:00,BTC/USDT,8266.71,8281.23,8235.13,8258.79,1208.5263289999998
2019-10-07 23:00:00,BTC/USDT,8258.75,8290.18,8220.6,8223.65,1338.120013
2019-10-08 00:00:00,BTC/USDT,8223.65,8255.78,8202.42,8246.6,1581.358718
2019-10-08 01:00:00,BTC/USDT,8244.81,8259.99,8223.0,8240.94,1071.3403860000005
2019-10-08 02:00:00,BTC/USDT,8240.58,8240.94,8194.0,8202.82,1419.2164269999998
2019-10-08 03:00:00,BTC/USDT,8202.38,8206.58,8126.81,8166.41,3051.396914
2019-10-08 04:00:00,BTC/USDT,8167.66,8177.8,8135.0,8169.51,1395.1767380000008
2019-10-08 05:00:00,BTC/USDT,8170.73,8219.98,8151.86,8164.45,2077.464226
2019-10-08 06:00:00,BTC/USDT,8164.45,8197.29,8153.45,8179.0,1235.2952659999999
2019-10-08 07:00:00,BTC/USDT,8179.01,8228.3,8130.0,8227.53,1931.724906
2019-10-08 08:00:00,BTC/USDT,8225.56,8246.0,8191.55,8200.0,1676.0518470000006
2019-10-08 09:00:00,BTC/USDT,8199.99,8199.99,8151.0,8188.84,1463.0092260000006
2019-10-08 10:00:00,BTC/USDT,8187.85,8221.09,8176.17,8185.81,1290.5205629999998
2019-10-08 11:00:00,BTC/USDT,8185.37,8210.0,8157.07,8167.01,1693.3467079999996
2019-10-08 12:00:00,BTC/USDT,8167.77,8184.54,8157.98,8174.24,1076.9981500000001
2019-10-08 13:00:00,BTC/USDT,8174.25,8198.3,8158.8,8184.53,920.069892
2019-10-08 14:00:00,BTC/USDT,8184.56,8205.76,8160.0,8163.38,1206.522449
2019-10-08 15:00:00,BTC/USDT,8166.59,8187.03,8088.75,8126.83,1755.1370029999998
2019-10-08 16:00:00,BTC/USDT,8126.39,8164.0,8122.66,8163.03,938.0841620000001
2019-10-08 17:00:00,BTC/USDT,8162.84,8210.0,8151.77,8191.17,1137.0681540000003
2019-10-08 18:00:00,BTC/USDT,8192.02,8206.12,8159.43,8168.39,947.9233640000001
2019-10-08 19:00:00,BTC/USDT,8170.79,8203.7,8137.26,8182.17,1507.386613
2019-10-08 20:00:00,BTC/USDT,8180.83,8189.92,8160.0,8163.35,555.040161
2019-10-08 21:00:00,BTC/USDT,8163.37,8166.99,8123.76,8158.54,999.1745230000001
2019-10-08 22:00:00,BTC/USDT,8159.85,8171.96,8116.82,8119.76,744.7629240000001
2019-10-08 23:00:00,BTC/USDT,8119.7,8147.12,8115.0,8129.85,664.7966989999999
2019-10-09 00:00:00,BTC/USDT,8129.99,8165.0,8122.0,8148.95,865.0383830000002
2019-10-09 01:00:00,BTC/USDT,8148.36,8166.25,8134.54,8150.44,1076.5891450000001
2019-10-09 02:00:00,BTC/USDT,8150.45,8195.98,8146.81,8179.6,1436.9832430000001
2019-10-09 03:00:00,BTC/USDT,8178.66,8198.49,8156.95,8194.52,1494.2506269999992
2019-10-09 04:00:00,BTC/USDT,8194.52,8223.0,8176.04,8196.3,1703.5995889999997
2019-10-09 05:00:00,BTC/USDT,8196.23,8239.0,8186.58,8207.16,1640.5181750000002
2019-10-09 06:00:00,BTC/USDT,8207.16,8208.57,8157.77,8185.9,1799.5286100000008
2019-10-09 07:00:00,BTC/USDT,8185.88,8190.0,8160.0,8169.09,1134.0636410000002
2019-10-09 08:00:00,BTC/USDT,8167.73,8243.53,8165.56,8241.15,1592.7643420000002
2019-10-09 09:00:00,BTC/USDT,8243.56,8450.0,8238.13,8438.46,9507.525753999997
2019-10-09 10:00:00,BTC/USDT,8438.49,8663.92,8432.76,8550.0,10001.356391999996
2019-10-09 11:00:00,BTC/USDT,8552.46,8639.69,8483.42,8566.82,6329.5951540000015
2019-10-09 12:00:00,BTC/USDT,8567.77,8635.0,8557.08,8617.02,2917.013896
2019-10-09 13:00:00,BTC/USDT,8615.83,8670.0,8575.0,8590.63,2550.871679
2019-10-09 14:00:00,BTC/USDT,8590.63,8596.0,8550.84,8581.98,1278.0037849999999
2019-10-09 15:00:00,BTC/USDT,8579.75,8615.0,8560.0,8564.07,1082.6727179999998
2019-10-09 16:00:00,BTC/USDT,8565.11,8593.94,8524.0,8542.12,1201.68483
2019-10-09 17:00:00,BTC/USDT,8542.46,8618.19,8539.57,8556.0,1730.3608510000001
2019-10-09 18:00:00,BTC/USDT,8556.23,8598.0,8555.18,8560.74,1225.1226439999996
2019-10-09 19:00:00,BTC/USDT,8562.15,8592.0,8547.77,8554.97,1107.5093979999997
2019-10-09 20:00:00,BTC/USDT,8554.95,8562.39,8524.02,8530.29,1626.1255510000008
2019-10-09 21:00:00,BTC/USDT,8530.29,8545.45,8484.3,8543.58,1899.3836479999998
2019-10-09 22:00:00,BTC/USDT,8543.58,8580.26,8525.01,8543.51,1699.4686990000005
2019-10-09 23:00:00,BTC/USDT,8544.42,8585.0,8544.42,8574.98,888.2426339999998
2019-10-10 00:00:00,BTC/USDT,8574.98,8574.98,8540.0,8551.73,1868.6823109999991
2019-10-10 01:00:00,BTC/USDT,8551.66,8602.56,8531.0,8588.13,1309.7113829999994
2019-10-10 02:00:00,BTC/USDT,8587.21,8644.0,8570.0,8613.73,2017.831194
2019-10-10 03:00:00,BTC/USDT,8614.73,8622.63,8542.05,8556.85,2023.2828980000004
2019-10-10 04:00:00,BTC/USDT,8557.0,8562.1,8490.51,8513.48,2991.231628
2019-10-10 05:00:00,BTC/USDT,8513.48,8529.99,8462.0,8512.06,2630.704213999999
2019-10-10 06:00:00,BTC/USDT,8512.14,8533.46,8494.26,8524.3,1590.9502399999997
2019-10-10 07:00:00,BTC/USDT,8526.02,8526.02,8414.52,8461.22,3386.7503899999997
2019-10-10 08:00:00,BTC/USDT,8461.22,8496.0,8435.98,8480.0,1763.041924
2019-10-10 09:00:00,BTC/USDT,8482.39,8510.0,8456.68,8489.98,1635.8484760000001
2019-10-10 10:00:00,BTC/USDT,8489.74,8555.4,8472.8,8540.69,1716.2379019999996
2019-10-10 11:00:00,BTC/USDT,8540.73,8573.93,8509.06,8526.18,1649.2756019999997
2019-10-10 12:00:00,BTC/USDT,8525.9,8542.15,8488.14,8489.87,850.9720899999999
2019-10-10 13:00:00,BTC/USDT,8489.87,8531.08,8482.2,8519.47,1089.1572890000002
2019-10-10 14:00:00,BTC/USDT,8519.98,8556.0,8518.24,8554.13,996.4936049999995
2019-10-10 15:00:00,BTC/USDT,8554.96,8579.96,8530.26,8552.3,1570.4035279999994
2019-10-10 16:00:00,BTC/USDT,8551.87,8589.81,8520.0,8546.76,1239.5948370000003
2019-10-10 17:00:00,BTC/USDT,8546.0,8570.01,8528.11,8561.0,852.0139040000001
2019-10-10 18:00:00,BTC/USDT,8561.16,8568.0,8530.0,8558.03,735.0328219999997
2019-10-10 19:00:00,BTC/USDT,8557.82,8572.91,8491.38,8502.41,1609.4000419999995
2019-10-10 20:00:00,BTC/USDT,8502.41,8528.81,8475.0,8525.32,1125.748941
2019-10-10 21:00:00,BTC/USDT,8525.35,8527.98,8483.93,8508.85,1038.794517
2019-10-10 22:00:00,BTC/USDT,8509.16,8557.0,8499.41,8553.35,986.5029910000001
2019-10-10 23:00:00,BTC/USDT,8552.47,8711.11,8530.82,8698.0,4005.0585249999995
2019-10-11 00:00:00,BTC/USDT,8697.67,8779.51,8359.0,8444.01,11051.569354999994
2019-10-11 01:00:00,BTC/USDT,8441.9,8445.52,8371.45,8428.8,3175.9622359999994
2019-10-11 02:00:00,BTC/USDT,8428.11,8435.0,8379.0,8387.69,1942.6061000000002
2019-10-11 03:00:00,BTC/USDT,8387.69,8389.37,8261.54,8355.79,4648.653874
2019-10-11 04:00:00,BTC/USDT,8354.48,8379.65,8336.29,8348.78,1265.4099900000006
2019-10-11 05:00:00,BTC/USDT,8349.38,8379.35,8334.02,8367.51,1185.290663
2019-10-11 06:00:00,BTC/USDT,8367.46,8368.28,8279.96,8297.5,2239.8043460000004
2019-10-11 07:00:00,BTC/USDT,8299.43,8356.51,8270.16,8337.63,1529.0080999999996
2019-10-11 08:00:00,BTC/USDT,8337.62,8360.0,8321.16,8340.83,1388.2403389999995
2019-10-11 09:00:00,BTC/USDT,8340.14,8341.55,8280.1,8318.0,1872.4740079999995
2019-10-11 10:00:00,BTC/USDT,8316.72,8349.99,8288.14,8343.47,1815.6654540000002
2019-10-11 11:00:00,BTC/USDT,8343.0,8350.0,8277.77,8343.46,2354.0102230000007
2019-10-11 12:00:00,BTC/USDT,8342.82,8374.0,8326.91,8337.16,1363.083386
2019-10-11 13:00:00,BTC/USDT,8337.79,8357.56,8302.0,8314.84,841.4479170000001
2019-10-11 14:00:00,BTC/USDT,8312.94,8345.0,8307.48,8344.01,559.2819920000002
2019-10-11 15:00:00,BTC/USDT,8342.96,8357.79,8319.63,8324.32,1146.185346
2019-10-11 16:00:00,BTC/USDT,8323.05,8329.11,8300.01,8312.64,668.7079160000002
2019-10-11 17:00:00,BTC/USDT,8311.31,8344.99,8311.23,8314.5,526.289817
2019-10-11 18:00:00,BTC/USDT,8314.5,8321.69,8212.38,8258.5,2066.08834
2019-10-11 19:00:00,BTC/USDT,8257.95,8307.99,8250.0,8272.38,1192.092748
2019-10-11 20:00:00,BTC/USDT,8272.34,8331.26,8265.0,8308.74,1483.3660710000001
2019-10-11 21:00:00,BTC/USDT,8309.59,8331.0,8292.46,8302.48,675.8442010000002
2019-10-11 22:00:00,BTC/USDT,8303.09,8324.63,8292.02,8308.3,704.3751490000002
2019-10-11 23:00:00,BTC/USDT,8308.32,8331.46,8305.07,8314.09,889.6137980000001
2019-10-12 00:00:00,BTC/USDT,8314.09,8354.82,8310.6,8330.82,938.598274
2019-10-12 01:00:00,BTC/USDT,8330.11,8358.99,8330.01,8340.93,857.0606149999999
2019-10-12 02:00:00,BTC/USDT,8340.08,8348.0,8324.46,8338.62,603.1975570000001
2019-10-12 03:00:00,BTC/USDT,8338.66,8348.0,8320.0,8341.0,825.4235309999998
2019-10-12 04:00:00,BTC/USDT,8341.0,8369.98,8335.58,8336.68,1076.8349409999998
2019-10-12 05:00:00,BTC/USDT,8336.68,8337.03,8291.0,8311.44,1455.9127099999996
2019-10-12 06:00:00,BTC/USDT,8310.45,8343.5,8295.03,8321.41,889.4917970000001
2019-10-12 07:00:00,BTC/USDT,8321.06,8336.99,8305.39,8331.91,587.5708999999999
2019-10-12 08:00:00,BTC/USDT,8333.95,8340.0,8313.67,8332.71,657.9798989999999
2019-10-12 09:00:00,BTC/USDT,8332.41,8400.0,8310.0,8385.18,1661.328857
2019-10-12 10:00:00,BTC/USDT,8388.17,8397.55,8347.52,8372.42,1202.5246920000006
2019-10-12 11:00:00,BTC/USDT,8372.44,8398.22,8317.0,8333.72,1562.573921
2019-10-12 12:00:00,BTC/USDT,8334.29,8345.71,8316.32,8322.67,773.9709299999998
2019-10-12 13:00:00,BTC/USDT,8324.47,8329.69,8285.0,8306.28,890.2667139999999
2019-10-12 14:00:00,BTC/USDT,8303.33,8326.95,8293.78,8309.86,610.302732
2019-10-12 15:00:00,BTC/USDT,8311.65,8340.62,8308.08,8335.95,432.7751930000001
2019-10-12 16:00:00,BTC/USDT,8335.95,8345.34,8315.42,8332.0,481.3590919999999
2019-10-12 17:00:00,BTC/USDT,8331.22,8344.35,8316.83,8321.07,456.2477959999999
2019-10-12 18:00:00,BTC/USDT,8321.06,8329.66,8292.7,8300.09,430.6219799999999
2019-10-12 19:00:00,BTC/USDT,8301.98,8333.29,8276.33,8320.52,922.672072
2019-10-12 20:00:00,BTC/USDT,8320.28,8366.0,8316.83,8341.47,1066.5408510000002
2019-10-12 21:00:00,BTC/USDT,8341.47,8352.48,8325.84,8339.38,506.35574500000007
2019-10-12 22:00:00,BTC/USDT,8338.99,8345.76,8326.27,8340.07,571.830014
2019-10-12 23:00:00,BTC/USDT,8341.26,8356.72,8326.18,8333.77,561.8925200000002
2019-10-13 00:00:00,BTC/USDT,8332.42,8335.05,8313.31,8324.95,545.4979440000002
2019-10-13 01:00:00,BTC/USDT,8325.1,8325.1,8306.46,8312.17,476.701283
2019-10-13 02:00:00,BTC/USDT,8312.15,8345.84,8309.09,8321.08,530.7421810000001
2019-10-13 03:00:00,BTC/USDT,8319.7,8346.82,8316.15,8342.31,623.2367189999998
2019-10-13 04:00:00,BTC/USDT,8343.0,8350.89,8321.01,8338.33,1227.5188309999999
2019-10-13 05:00:00,BTC/USDT,8338.29,8350.32,8326.5,8333.45,600.3145660000004
2019-10-13 06:00:00,BTC/USDT,8334.28,8383.0,8329.74,8347.32,1225.8879499999998
2019-10-13 07:00:00,BTC/USDT,8348.31,8433.6,8344.39,8393.07,2390.3732910000003
2019-10-13 08:00:00,BTC/USDT,8396.19,8439.32,8380.14,8411.02,1444.3894610000004
2019-10-13 09:00:00,BTC/USDT,8411.02,8419.16,8363.25,8400.96,1557.599604
2019-10-13 10:00:00,BTC/USDT,8400.96,8418.18,8384.17,8403.8,831.675398
2019-10-13 11:00:00,BTC/USDT,8401.88,8451.37,8401.67,8422.15,1937.2278720000006
2019-10-13 12:00:00,BTC/USDT,8422.95,8445.28,8412.06,8424.54,899.2042770000003
2019-10-13 13:00:00,BTC/USDT,8424.02,8437.04,8415.91,8424.34,516.1534189999999
2019-10-13 14:00:00,BTC/USDT,8423.55,8437.31,8420.37,8434.02,511.195382
2019-10-13 15:00:00,BTC/USDT,8434.02,8436.19,8160.0,8256.82,6150.752766999999
2019-10-13 16:00:00,BTC/USDT,8256.89,8258.32,8221.68,8248.31,914.9996649999999
2019-10-13 17:00:00,BTC/USDT,8248.6,8295.0,8243.65,8282.4,990.4023000000002
2019-10-13 18:00:00,BTC/USDT,8282.48,8312.54,8270.0,8275.01,837.5758410000002
2019-10-13 19:00:00,BTC/USDT,8275.24,8277.0,8241.9,8273.06,757.6840540000004
2019-10-13 20:00:00,BTC/USDT,8274.15,8295.0,8268.0,8286.91,729.429974
2019-10-13 21:00:00,BTC/USDT,8287.69,8309.0,8280.01,8286.66,811.6245590000001
2019-10-13 22:00:00,BTC/USDT,8286.66,8308.29,8282.66,8289.03,653.0303179999999
2019-10-13 23:00:00,BTC/USDT,8289.01,8291.27,8280.0,8280.0,528.4501929999999
2019-10-14 00:00:00,BTC/USDT,8280.0,8326.83,8271.0,8311.32,1745.4753770000002
2019-10-14 01:00:00,BTC/USDT,8311.31,8333.42,8297.19,8319.35,1066.1526739999997
2019-10-14 02:00:00,BTC/USDT,8319.35,8320.0,8280.44,8305.76,1646.02701
2019-10-14 03:00:00,BTC/USDT,8305.76,8320.07,8294.08,8308.18,1596.306089
2019-10-14 04:00:00,BTC/USDT,8308.56,8325.62,8287.01,8299.99,1138.552735
2019-10-14 05:00:00,BTC/USDT,8299.98,8316.01,8289.79,8307.06,1059.6216439999996
2019-10-14 06:00:00,BTC/USDT,8307.03,8307.4,8277.0,8280.32,901.5686350000003
2019-10-14 07:00:00,BTC/USDT,8280.08,8284.02,8242.22,8256.0,1791.4689040000003
2019-10-14 08:00:00,BTC/USDT,8256.03,8290.0,8250.0,8286.73,924.4126030000001
2019-10-14 09:00:00,BTC/USDT,8286.73,8291.47,8260.16,8262.09,693.3753310000002
2019-10-14 10:00:00,BTC/USDT,8263.72,8276.33,8247.02,8251.94,1160.0325250000003
2019-10-14 11:00:00,BTC/USDT,8254.05,8388.85,8203.0,8332.83,4001.693106
2019-10-14 12:00:00,BTC/USDT,8331.11,8355.0,8320.01,8326.97,1972.595467
2019-10-14 13:00:00,BTC/USDT,8325.68,8356.18,8325.0,8354.42,1052.3602620000001
2019-10-14 14:00:00,BTC/USDT,8354.84,8377.0,8319.97,8327.96,1128.5434509999998
2019-10-14 15:00:00,BTC/USDT,8327.96,8344.5,8320.0,8338.14,593.6927720000001
2019-10-14 16:00:00,BTC/USDT,8338.14,8350.0,8251.89,8305.0,1809.360102
2019-10-14 17:00:00,BTC/USDT,8305.44,8349.95,8299.32,8337.66,1142.6706250000002
2019-10-14 18:00:00,BTC/USDT,8338.17,8349.49,8328.63,8348.2,906.5348429999998
2019-10-14 19:00:00,BTC/USDT,8346.86,8403.0,8346.8,8356.4,3077.6203720000008
2019-10-14 20:00:00,BTC/USDT,8353.93,8364.77,8323.87,8328.29,1001.042326
2019-10-14 21:00:00,BTC/USDT,8328.27,8336.48,8311.77,8332.68,646.8262060000001
2019-10-14 22:00:00,BTC/USDT,8332.97,8333.67,8311.11,8315.19,631.252383
2019-10-14 23:00:00,BTC/USDT,8316.26,8332.47,8302.25,8326.78,814.5110790000002
2019-10-15 00:00:00,BTC/USDT,8326.78,8332.9,8313.48,8326.87,529.131112
2019-10-15 01:00:00,BTC/USDT,8326.45,8340.84,8286.25,8303.05,1894.1819710000002
2019-10-15 02:00:00,BTC/USDT,8302.36,8315.1,8266.61,8281.04,1286.083338
2019-10-15 03:00:00,BTC/USDT,8280.72,8299.0,8258.4,8280.76,1620.8439429999996
2019-10-15 04:00:00,BTC/USDT,8280.76,8290.12,8270.15,8277.29,919.7088890000001
2019-10-15 05:00:00,BTC/USDT,8276.77,8321.64,8272.06,8310.94,1149.6163480000002
2019-10-15 06:00:00,BTC/USDT,8310.94,8313.56,8280.0,8295.85,965.5178570000002
2019-10-15 07:00:00,BTC/USDT,8295.87,8323.23,8285.06,8316.55,1212.9866619999996
2019-10-15 08:00:00,BTC/USDT,8316.55,8319.99,8286.91,8299.16,887.061943
2019-10-15 09:00:00,BTC/USDT,8299.77,8314.53,8240.0,8260.44,1624.2347300000004
2019-10-15 10:00:00,BTC/USDT,8260.28,8360.0,8235.21,8316.94,2378.51132
2019-10-15 11:00:00,BTC/USDT,8318.32,8323.8,8090.0,8186.13,5466.486749999999
2019-10-15 12:00:00,BTC/USDT,8186.13,8201.7,8156.6,8168.16,1377.477653
2019-10-15 13:00:00,BTC/USDT,8168.0,8179.19,8146.0,8172.54,1135.9411940000002
2019-10-15 14:00:00,BTC/USDT,8173.02,8178.54,8127.47,8177.59,1025.9139309999998
2019-10-15 15:00:00,BTC/USDT,8177.1,8177.47,8135.99,8138.25,642.713821
2019-10-15 16:00:00,BTC/USDT,8138.25,8159.0,8124.87,8157.99,840.2142010000003
2019-10-15 17:00:00,BTC/USDT,8157.99,8159.0,8138.0,8138.0,615.0513669999998
2019-10-15 18:00:00,BTC/USDT,8136.83,8182.77,8133.76,8159.29,1030.1330799999998
2019-10-15 19:00:00,BTC/USDT,8159.3,8171.53,8144.35,8167.25,1074.7025979999999
2019-10-15 20:00:00,BTC/USDT,8167.25,8181.16,8158.01,8170.54,866.8434480000003
2019-10-15 21:00:00,BTC/USDT,8170.56,8180.26,8155.27,8159.13,894.4495660000002
2019-10-15 22:00:00,BTC/USDT,8158.75,8168.74,8145.5,8167.51,892.2980920000005
2019-10-15 23:00:00,BTC/USDT,8166.57,8176.69,8157.43,8162.38,895.631573
2019-10-16 00:00:00,BTC/USDT,8162.39,8174.0,8158.24,8170.9,665.5050180000001
2019-10-16 01:00:00,BTC/USDT,8172.36,8177.27,8150.0,8151.02,863.618336
2019-10-16 02:00:00,BTC/USDT,8151.02,8166.27,8120.0,8134.93,1427.4225909999996
2019-10-16 03:00:00,BTC/USDT,8134.89,8145.13,8100.0,8134.97,1763.8074820000006
2019-10-16 04:00:00,BTC/USDT,8135.0,8153.0,8100.0,8147.34,1655.513835
2019-10-16 05:00:00,BTC/USDT,8149.8,8162.0,8131.0,8143.52,1317.588135000001
2019-10-16 06:00:00,BTC/USDT,8143.89,8150.0,8010.0,8056.0,3109.2870650000004
2019-10-16 07:00:00,BTC/USDT,8055.66,8056.0,7923.5,7984.95,5202.473738000001
2019-10-16 08:00:00,BTC/USDT,7985.63,8015.83,7970.96,7998.85,1852.6458249999994
2019-10-16 09:00:00,BTC/USDT,7997.04,7998.73,7944.0,7967.45,1578.7238
2019-10-16 10:00:00,BTC/USDT,7967.45,7989.97,7950.0,7953.15,1644.646318
2019-10-16 11:00:00,BTC/USDT,7953.06,8023.0,7917.0,7970.98,2662.746819
2019-10-16 12:00:00,BTC/USDT,7971.44,7985.0,7947.25,7975.23,1081.0984660000004
2019-10-16 13:00:00,BTC/USDT,7976.85,7980.0,7959.35,7966.25,959.9922959999999
2019-10-16 14:00:00,BTC/USDT,7966.35,7969.48,7930.0,7957.69,1297.8878379999999
2019-10-16 15:00:00,BTC/USDT,7958.16,7989.97,7957.55,7987.06,849.4920049999997
2019-10-16 16:00:00,BTC/USDT,7987.83,7990.0,7974.28,7978.27,484.5734140000002
2019-10-16 17:00:00,BTC/USDT,7978.38,8011.0,7978.0,8002.8,727.532577
2019-10-16 18:00:00,BTC/USDT,8004.61,8023.0,7991.36,7991.74,965.113131
2019-10-16 19:00:00,BTC/USDT,7995.02,7997.4,7952.63,7964.84,1006.543768
2019-10-16 20:00:00,BTC/USDT,7964.35,7974.88,7955.21,7958.8,691.8080420000002
2019-10-16 21:00:00,BTC/USDT,7958.8,7989.86,7956.29,7982.69,681.1762630000001
2019-10-16 22:00:00,BTC/USDT,7983.47,7985.44,7965.0,7968.88,603.4053820000001
2019-10-16 23:00:00,BTC/USDT,7968.71,7974.18,7929.03,7933.37,1062.0896579999999
2019-10-17 00:00:00,BTC/USDT,7933.34,7986.0,7930.0,7976.85,1422.1380860000002
2019-10-17 01:00:00,BTC/USDT,7977.6,7990.0,7954.37,7960.6,1107.9534879999999
2019-10-17 02:00:00,BTC/USDT,7961.46,7989.0,7960.72,7975.28,1004.4856400000001
2019-10-17 03:00:00,BTC/USDT,7974.42,8077.77,7971.8,8047.27,3312.628683
2019-10-17 04:00:00,BTC/USDT,8045.85,8066.28,8016.44,8063.57,1592.0017870000001
2019-10-17 05:00:00,BTC/USDT,8064.85,8099.98,8062.54,8079.5,2171.060807
2019-10-17 06:00:00,BTC/USDT,8080.39,8118.86,8063.59,8067.2,1497.2264460000004
2019-10-17 07:00:00,BTC/USDT,8066.66,8074.93,8016.01,8046.48,2405.7173920000005
2019-10-17 08:00:00,BTC/USDT,8046.55,8078.93,8041.85,8064.2,1268.270726
2019-10-17 09:00:00,BTC/USDT,8064.94,8070.0,8030.49,8052.04,1084.386158
2019-10-17 10:00:00,BTC/USDT,8052.05,8091.6,8045.19,8069.39,1449.860324
2019-10-17 11:00:00,BTC/USDT,8069.69,8124.92,8054.27,8082.26,1905.0282460000003
2019-10-17 12:00:00,BTC/USDT,8080.25,8090.0,8066.66,8082.77,1010.7586170000002
2019-10-17 13:00:00,BTC/USDT,8082.79,8089.0,8070.0,8073.13,700.3075609999999
2019-10-17 14:00:00,BTC/USDT,8073.11,8074.32,8042.03,8059.92,1070.6417430000004
2019-10-17 15:00:00,BTC/USDT,8059.32,8066.9,8032.54,8038.02,738.5053689999999
2019-10-17 16:00:00,BTC/USDT,8038.8,8068.56,8034.81,8061.84,484.2355589999999
2019-10-17 17:00:00,BTC/USDT,8061.11,8071.13,8040.47,8053.78,655.754449
2019-10-17 18:00:00,BTC/USDT,8053.94,8076.73,8044.14,8070.58,730.9649639999999
2019-10-17 19:00:00,BTC/USDT,8070.71,8093.51,8050.0,8080.86,693.8862649999998
2019-10-17 20:00:00,BTC/USDT,8080.63,8109.61,8068.7,8109.6,828.9975750000001
2019-10-17 21:00:00,BTC/USDT,8109.6,8115.0,8069.13,8081.33,951.3095709999999
2019-10-17 22:00:00,BTC/USDT,8081.34,8085.0,8055.05,8064.81,677.0897459999999
2019-10-17 23:00:00,BTC/USDT,8065.65,8072.54,8050.0,8064.24,629.1987260000001
2019-10-18 00:00:00,BTC/USDT,8064.24,8065.0,7856.89,7908.74,4646.811489999998
2019-10-18 01:00:00,BTC/USDT,7908.74,7927.74,7864.77,7917.66,2473.5700669999987
2019-10-18 02:00:00,BTC/USDT,7917.0,7917.43,7889.69,7911.6,1492.7541689999998
2019-10-18 03:00:00,BTC/USDT,7911.59,7911.63,7816.01,7878.0,3167.0389720000003
2019-10-18 04:00:00,BTC/USDT,7877.38,7923.87,7876.55,7909.76,1592.056161
2019-10-18 05:00:00,BTC/USDT,7909.22,7910.0,7880.0,7900.73,1159.1404929999997
2019-10-18 06:00:00,BTC/USDT,7900.4,7942.0,7900.0,7920.42,1063.6008849999998
2019-10-18 07:00:00,BTC/USDT,7920.6,7975.0,7919.19,7920.0,1879.0528110000002
2019-10-18 08:00:00,BTC/USDT,7920.69,7951.2,7915.0,7932.81,1029.2989960000002
2019-10-18 09:00:00,BTC/USDT,7930.93,7933.31,7884.01,7906.51,1371.1417369999995
2019-10-18 10:00:00,BTC/USDT,7906.5,7937.0,7906.5,7920.01,820.4147160000001
2019-10-18 11:00:00,BTC/USDT,7920.0,7952.25,7915.47,7924.43,911.7850270000001
2019-10-18 12:00:00,BTC/USDT,7924.61,7943.0,7905.0,7938.47,896.019147
2019-10-18 13:00:00,BTC/USDT,7938.42,7983.32,7926.42,7931.56,1360.6941090000005
2019-10-18 14:00:00,BTC/USDT,7931.58,7955.0,7924.99,7941.55,723.702287
2019-10-18 15:00:00,BTC/USDT,7941.55,7949.45,7915.02,7939.76,695.065413
2019-10-18 16:00:00,BTC/USDT,7939.76,7941.5,7923.83,7935.55,371.76204199999995
2019-10-18 17:00:00,BTC/USDT,7935.26,7978.0,7934.02,7956.9,1253.883488
2019-10-18 18:00:00,BTC/USDT,7956.44,7972.88,7940.01,7947.01,664.9075230000001
2019-10-18 19:00:00,BTC/USDT,7946.89,7952.32,7910.0,7923.81,1036.975347
2019-10-18 20:00:00,BTC/USDT,7923.78,7942.83,7910.0,7917.06,951.9364339999997
2019-10-18 21:00:00,BTC/USDT,7917.15,7929.87,7892.0,7917.28,992.000456
2019-10-18 22:00:00,BTC/USDT,7917.28,7957.99,7910.56,7938.23,847.5048550000001
2019-10-18 23:00:00,BTC/USDT,7939.56,7957.73,7931.41,7953.21,704.0912149999997
2019-10-19 00:00:00,BTC/USDT,7953.21,7956.94,7915.57,7934.47,659.6491910000001
2019-10-19 01:00:00,BTC/USDT,7935.26,7943.73,7913.16,7933.19,741.0147640000004
2019-10-19 02:00:00,BTC/USDT,7932.37,7943.15,7918.44,7928.7,716.2356039999995
2019-10-19 03:00:00,BTC/USDT,7929.81,7998.9,7928.23,7953.56,2046.1359240000002
2019-10-19 04:00:00,BTC/USDT,7953.35,7965.77,7939.0,7943.21,867.272579
2019-10-19 05:00:00,BTC/USDT,7942.01,7947.95,7920.0,7938.34,872.8828069999997
2019-10-19 06:00:00,BTC/USDT,7938.34,7949.99,7928.07,7943.34,650.36434
2019-10-19 07:00:00,BTC/USDT,7943.34,8098.1,7866.92,8039.22,3789.037512000001
2019-10-19 08:00:00,BTC/USDT,8039.23,8078.54,8003.11,8011.29,2567.8859820000007
2019-10-19 09:00:00,BTC/USDT,8012.87,8027.77,7993.64,8010.16,1023.0342230000003
2019-10-19 10:00:00,BTC/USDT,8010.16,8021.0,7975.66,7990.92,1019.4267730000001
2019-10-19 11:00:00,BTC/USDT,7993.26,7999.2,7937.69,7974.5,1499.4358009999994
2019-10-19 12:00:00,BTC/USDT,7972.63,7999.38,7962.03,7998.64,767.8676650000002
2019-10-19 13:00:00,BTC/USDT,7996.03,7999.34,7972.33,7976.16,676.8849819999999
2019-10-19 14:00:00,BTC/USDT,7975.77,7983.33,7958.13,7971.81,663.3142189999999
2019-10-19 15:00:00,BTC/USDT,7972.19,7978.52,7902.2,7940.81,1291.5983330000001
2019-10-19 16:00:00,BTC/USDT,7940.66,7960.0,7891.76,7944.55,1072.810254
2019-10-19 17:00:00,BTC/USDT,7945.63,7949.09,7920.8,7937.76,633.079178
2019-10-19 18:00:00,BTC/USDT,7937.78,7954.99,7926.17,7948.01,537.45095
2019-10-19 19:00:00,BTC/USDT,7949.87,7953.21,7891.16,7917.55,1333.0086980000005
2019-10-19 20:00:00,BTC/USDT,7917.55,7927.36,7881.0,7904.64,1186.8976220000004
2019-10-19 21:00:00,BTC/USDT,7904.67,7924.99,7870.0,7895.79,1383.4990550000002
2019-10-19 22:00:00,BTC/USDT,7895.79,7918.02,7889.98,7901.68,761.6505080000001
2019-10-19 23:00:00,BTC/USDT,7902.09,7934.96,7899.14,7917.99,689.9456400000001
2019-10-20 00:00:00,BTC/USDT,7917.81,7926.5,7902.1,7912.11,461.7142569999999
2019-10-20 01:00:00,BTC/USDT,7910.87,7940.47,7902.0,7928.05,504.71964599999995
2019-10-20 02:00:00,BTC/USDT,7928.05,7935.94,7900.22,7905.17,751.587636
2019-10-20 03:00:00,BTC/USDT,7907.14,7929.75,7883.0,7925.2,995.9335099999998
2019-10-20 04:00:00,BTC/USDT,7924.49,7985.0,7915.0,7944.93,1782.6992770000002
2019-10-20 05:00:00,BTC/USDT,7944.93,7961.0,7920.0,7929.7,905.5395010000001
2019-10-20 06:00:00,BTC/USDT,7929.95,7948.5,7925.85,7942.99,614.1436830000001
2019-10-20 07:00:00,BTC/USDT,7942.99,7990.0,7936.32,7950.06,1659.8578660000003
2019-10-20 08:00:00,BTC/USDT,7951.03,7978.0,7950.01,7957.34,958.9771120000001
2019-10-20 09:00:00,BTC/USDT,7957.23,8011.95,7951.95,8000.79,1972.8633010000005
2019-10-20 10:00:00,BTC/USDT,8001.1,8043.44,7982.31,8026.46,1881.276161
2019-10-20 11:00:00,BTC/USDT,8026.47,8077.0,8006.45,8066.33,2508.9807069999993
2019-10-20 12:00:00,BTC/USDT,8065.51,8172.73,8046.43,8139.77,3427.9127059999996
2019-10-20 13:00:00,BTC/USDT,8139.87,8174.88,8126.65,8132.34,1728.7744150000005
2019-10-20 14:00:00,BTC/USDT,8133.39,8239.0,8132.06,8235.0,2602.9506359999996
2019-10-20 15:00:00,BTC/USDT,8235.0,8297.0,8202.01,8213.73,3156.859036
2019-10-20 16:00:00,BTC/USDT,8213.73,8230.0,8180.89,8195.26,1279.970728
2019-10-20 17:00:00,BTC/USDT,8195.87,8229.0,8184.95,8199.14,894.4153699999999
2019-10-20 18:00:00,BTC/USDT,8199.12,8226.04,8165.36,8223.35,842.2755829999998
2019-10-20 19:00:00,BTC/USDT,8223.35,8235.0,8193.14,8199.23,1376.0941489999996
2019-10-20 20:00:00,BTC/USDT,8199.25,8223.48,8183.0,8215.03,875.832164
2019-10-20 21:00:00,BTC/USDT,8214.95,8251.41,8203.97,8239.67,1066.234008
2019-10-20 22:00:00,BTC/USDT,8239.67,8240.46,8205.89,8219.65,967.7568459999998
2019-10-20 23:00:00,BTC/USDT,8220.57,8231.24,8201.63,8215.14,801.7364299999999
2019-10-21 00:00:00,BTC/USDT,8215.85,8240.7,8206.32,8229.97,704.3411309999998
2019-10-21 01:00:00,BTC/USDT,8229.12,8249.18,8224.0,8231.91,993.0790920000001
2019-10-21 02:00:00,BTC/USDT,8231.88,8239.66,8206.13,8223.8,1075.5600880000002
2019-10-21 03:00:00,BTC/USDT,8223.11,8225.3,8195.0,8221.53,1116.167696
2019-10-21 04:00:00,BTC/USDT,8221.53,8223.66,8189.89,8200.73,1404.5190209999998
2019-10-21 05:00:00,BTC/USDT,8200.82,8286.28,8200.01,8272.64,1989.8542470000002
2019-10-21 06:00:00,BTC/USDT,8272.99,8286.06,8211.69,8235.0,2017.591246
2019-10-21 07:00:00,BTC/USDT,8234.89,8258.54,8226.68,8232.33,1130.4323140000001
2019-10-21 08:00:00,BTC/USDT,8232.04,8247.41,8219.87,8238.91,992.5126109999999
2019-10-21 09:00:00,BTC/USDT,8236.69,8269.97,8231.89,8265.17,1035.5905380000004
2019-10-21 10:00:00,BTC/USDT,8266.25,8333.0,8145.0,8191.25,5006.207984999997
2019-10-21 11:00:00,BTC/USDT,8191.24,8199.32,8142.03,8172.2,1954.6217740000004
2019-10-21 12:00:00,BTC/USDT,8172.2,8190.05,8168.63,8190.05,852.045602
2019-10-21 13:00:00,BTC/USDT,8190.04,8192.9,8147.85,8168.42,916.030632
2019-10-21 14:00:00,BTC/USDT,8168.67,8185.0,8153.65,8183.16,744.7188540000004
2019-10-21 15:00:00,BTC/USDT,8183.56,8198.0,8183.16,8189.61,810.006302
2019-10-21 16:00:00,BTC/USDT,8189.61,8229.88,8188.71,8205.48,1135.9433350000002
2019-10-21 17:00:00,BTC/USDT,8205.87,8216.22,8180.57,8180.76,622.181029
2019-10-21 18:00:00,BTC/USDT,8180.76,8214.12,8176.95,8197.27,859.6224450000002
2019-10-21 19:00:00,BTC/USDT,8197.28,8206.94,8161.31,8185.3,1311.9793339999999
2019-10-21 20:00:00,BTC/USDT,8185.29,8202.49,8159.96,8166.1,906.3383800000001
2019-10-21 21:00:00,BTC/USDT,8166.91,8198.11,8161.0,8181.71,1085.9245459999997
2019-10-21 22:00:00,BTC/USDT,8181.73,8208.45,8175.23,8201.54,955.2541919999999
2019-10-21 23:00:00,BTC/USDT,8202.09,8218.54,8189.12,8212.3,977.1631510000002
2019-10-22 00:00:00,BTC/USDT,8213.48,8218.55,8190.87,8208.09,769.4041210000001
2019-10-22 01:00:00,BTC/USDT,8208.97,8209.44,8187.49,8200.57,736.3093419999998
2019-10-22 02:00:00,BTC/USDT,8200.27,8226.57,8190.08,8208.6,1192.0223150000004
2019-10-22 03:00:00,BTC/USDT,8208.6,8256.33,8208.51,8248.83,1913.4739459999998
2019-10-22 04:00:00,BTC/USDT,8248.83,8270.89,8234.5,8269.49,1932.4914230000002
2019-10-22 05:00:00,BTC/USDT,8267.61,8278.5,8210.14,8241.47,2419.7277779999995
2019-10-22 06:00:00,BTC/USDT,8240.52,8278.97,8226.97,8276.16,1851.640237
2019-10-22 07:00:00,BTC/USDT,8276.17,8297.99,8224.84,8242.03,2064.4053590000003
2019-10-22 08:00:00,BTC/USDT,8241.38,8250.0,8195.0,8223.52,1424.2831660000002
2019-10-22 09:00:00,BTC/USDT,8222.98,8229.38,8189.99,8194.64,1428.776779
2019-10-22 10:00:00,BTC/USDT,8193.18,8214.97,8165.0,8210.31,1629.3429210000008
2019-10-22 11:00:00,BTC/USDT,8210.76,8223.24,8185.38,8198.36,1088.3418810000003
2019-10-22 12:00:00,BTC/USDT,8198.65,8209.83,8185.52,8203.62,707.8085910000001
2019-10-22 13:00:00,BTC/USDT,8203.44,8206.69,8175.17,8190.38,733.7602439999998
2019-10-22 14:00:00,BTC/USDT,8189.91,8194.39,8156.0,8167.91,1057.944375
2019-10-22 15:00:00,BTC/USDT,8167.91,8168.72,8055.0,8115.36,3493.4413710000017
2019-10-22 16:00:00,BTC/USDT,8116.12,8117.38,8090.0,8091.38,745.7374950000001
2019-10-22 17:00:00,BTC/USDT,8092.06,8108.01,8056.84,8074.97,1194.860324
2019-10-22 18:00:00,BTC/USDT,8074.88,8079.44,8000.0,8020.0,3031.397392
2019-10-22 19:00:00,BTC/USDT,8020.06,8044.99,8000.0,8029.13,1395.374201
2019-10-22 20:00:00,BTC/USDT,8029.0,8047.59,8024.16,8032.56,1010.9964840000001
2019-10-22 21:00:00,BTC/USDT,8032.56,8039.01,8011.11,8033.92,677.394998
2019-10-22 22:00:00,BTC/USDT,8033.03,8034.03,7930.0,7954.34,2429.363433
2019-10-22 23:00:00,BTC/USDT,7953.58,7975.01,7930.0,7969.06,1868.4422259999992
2019-10-23 00:00:00,BTC/USDT,7969.45,7971.84,7920.0,7953.8,1662.7705879999994
2019-10-23 01:00:00,BTC/USDT,7954.33,7980.24,7938.79,7969.0,1219.347762
2019-10-23 02:00:00,BTC/USDT,7969.01,7984.2,7945.76,7957.19,1112.545421
2019-10-23 03:00:00,BTC/USDT,7957.34,7994.1,7947.8,7976.15,1108.704819
2019-10-23 04:00:00,BTC/USDT,7976.57,7999.0,7972.55,7991.21,1219.893158
2019-10-23 05:00:00,BTC/USDT,7991.19,8011.96,7986.19,7996.15,1141.9632240000003
2019-10-23 06:00:00,BTC/USDT,7997.54,8006.71,7945.31,7963.57,1704.1269059999995
2019-10-23 07:00:00,BTC/USDT,7962.23,7963.98,7500.0,7550.59,11662.659310999998
2019-10-23 08:00:00,BTC/USDT,7553.37,7585.68,7400.0,7465.28,11605.020816999997
2019-10-23 09:00:00,BTC/USDT,7465.28,7499.89,7440.06,7467.92,4172.6156169999995
2019-10-23 10:00:00,BTC/USDT,7467.92,7480.0,7423.74,7425.95,2904.3516520000003
2019-10-23 11:00:00,BTC/USDT,7425.96,7499.5,7300.0,7471.53,5684.786236999999
2019-10-23 12:00:00,BTC/USDT,7470.8,7514.26,7460.45,7503.11,1832.4391179999998
2019-10-23 13:00:00,BTC/USDT,7503.11,7535.55,7487.31,7506.38,2078.7606559999995
2019-10-23 14:00:00,BTC/USDT,7506.37,7523.73,7480.05,7482.9,1565.0753349999998
2019-10-23 15:00:00,BTC/USDT,7482.9,7498.99,7460.01,7486.37,1338.773523
2019-10-23 16:00:00,BTC/USDT,7486.06,7497.79,7426.0,7431.57,1137.2633580000002
2019-10-23 17:00:00,BTC/USDT,7428.58,7472.72,7386.37,7416.89,1735.4812899999997
2019-10-23 18:00:00,BTC/USDT,7416.89,7476.02,7405.21,7466.62,1629.3069639999999
2019-10-23 19:00:00,BTC/USDT,7468.47,7497.96,7448.0,7459.72,1332.3453630000001
2019-10-23 20:00:00,BTC/USDT,7459.7,7477.99,7420.0,7440.25,1172.5021970000005
2019-10-23 21:00:00,BTC/USDT,7439.03,7443.73,7400.0,7424.27,1564.515702
2019-10-23 22:00:00,BTC/USDT,7424.33,7434.85,7400.0,7410.88,1378.8940330000003
2019-10-23 23:00:00,BTC/USDT,7410.94,7431.88,7397.13,7417.43,1620.7949440000002
2019-10-24 00:00:00,BTC/USDT,7416.57,7429.1,7407.49,7412.81,742.0962959999999
2019-10-24 01:00:00,BTC/USDT,7412.72,7414.38,7337.99,7360.14,2062.0855
2019-10-24 02:00:00,BTC/USDT,7360.15,7441.67,7357.18,7420.89,1850.9823589999999
2019-10-24 03:00:00,BTC/USDT,7420.36,7459.95,7389.2,7449.41,1543.9250980000002
2019-10-24 04:00:00,BTC/USDT,7450.53,7478.0,7435.23,7441.0,1694.1434200000008
2019-10-24 05:00:00,BTC/USDT,7441.0,7459.88,7427.5,7435.41,1435.9202420000004
2019-10-24 06:00:00,BTC/USDT,7435.39,7441.98,7413.0,7421.83,1521.9289099999996
2019-10-24 07:00:00,BTC/USDT,7421.09,7463.75,7420.06,7442.77,1202.7478639999997
2019-10-24 08:00:00,BTC/USDT,7441.05,7465.98,7434.09,7448.0,1438.9441040000004
2019-10-24 09:00:00,BTC/USDT,7448.01,7503.68,7446.88,7466.3,2321.063946000001
2019-10-24 10:00:00,BTC/USDT,7466.3,7469.75,7413.43,7436.82,2277.8611969999997
2019-10-24 11:00:00,BTC/USDT,7436.82,7463.01,7427.01,7454.97,1403.3974640000004
2019-10-24 12:00:00,BTC/USDT,7454.97,7457.97,7421.07,7434.82,992.2848319999999
2019-10-24 13:00:00,BTC/USDT,7434.21,7457.99,7431.02,7442.0,954.7786299999999
2019-10-24 14:00:00,BTC/USDT,7442.57,7479.0,7437.19,7471.3,1108.7011900000002
2019-10-24 15:00:00,BTC/USDT,7471.3,7471.96,7455.01,7457.86,100.10302200000001
